{"loss": [0.022322747856378555, 0.015211384743452072, 0.013660095632076263, 0.013027967885136604, 0.012595119886100292, 0.010827898047864437, 0.010761044919490814, 0.010688205249607563, 0.010636754333972931, 0.010539473034441471], "mae": [0.022322747856378555, 0.015211384743452072, 0.013660095632076263, 0.013027967885136604, 0.012595119886100292], "mape": [74.51234436035156, 229.0404510498047, 107.04920959472656, 236.30184936523438, 314.6173400878906], "val_loss": [0.01599692739546299, 0.014251076616346836, 0.012218848802149296, 0.011867083609104156, 0.012450581416487694, 0.010162371210753918, 0.01000938843935728, 0.010164747014641762, 0.010546990670263767, 0.009937661699950695], "val_mae": [0.01599692739546299, 0.014251076616346836, 0.012218848802149296, 0.011867083609104156, 0.012450581416487694], "val_mape": [9.0210599899292, 6.605294227600098, 5.738219738006592, 5.532212734222412, 5.890140056610107], "mean_absolute_error": [0.010827898047864437, 0.010761044919490814, 0.010688205249607563, 0.010636754333972931, 0.010539473034441471], "mean_absolute_percentage_error": [197.4838409423828, 248.89382934570312, 243.72608947753906, 255.6644744873047, 248.85069274902344], "val_mean_absolute_error": [0.010162371210753918, 0.01000938843935728, 0.010164747014641762, 0.010546990670263767, 0.009937661699950695], "val_mean_absolute_percentage_error": [4.739449977874756, 4.657601356506348, 4.644041061401367, 5.181185245513916, 4.536867618560791]}