{"loss": [0.04601683095097542, 0.036030638962984085, 0.03485831618309021], "mae": [0.04601683095097542, 0.036030638962984085], "mape": [2443.71630859375, 2078.35595703125], "val_loss": [0.04022327437996864, 0.03538351133465767, 0.037542346864938736], "val_mae": [0.04022327437996864, 0.03538351133465767], "val_mape": [17.39327049255371, 14.69931411743164], "mean_absolute_error": [0.03485831618309021], "mean_absolute_percentage_error": [2165.76220703125], "val_mean_absolute_error": [0.037542346864938736], "val_mean_absolute_percentage_error": [16.14303207397461]}