{"loss": [0.045205257833004, 0.01792970858514309, 0.011972530744969845, 0.01029743067920208, 0.009891665540635586, 0.00833201501518488, 0.008265442214906216, 0.008211673237383366, 0.008171141147613525, 0.00811314769089222], "mae": [0.045205257833004, 0.01792970858514309, 0.011972530744969845, 0.01029743067920208, 0.009891665540635586], "mape": [215.5003662109375, 27.37598419189453, 231.2510528564453, 215.96522521972656, 155.56309509277344], "val_loss": [0.024404743686318398, 0.013794205151498318, 0.009332343935966492, 0.009803028777241707, 0.009049628861248493, 0.007885105907917023, 0.007816272787749767, 0.007725335191935301, 0.007559623569250107, 0.007649121340364218], "val_mae": [0.024404743686318398, 0.013794205151498318, 0.009332343935966492, 0.009803028777241707, 0.009049628861248493], "val_mape": [12.358155250549316, 6.515029430389404, 4.145948886871338, 4.506524562835693, 4.451125621795654], "mean_absolute_error": [0.00833201501518488, 0.008265442214906216, 0.008211673237383366, 0.008171141147613525, 0.00811314769089222], "mean_absolute_percentage_error": [163.6887664794922, 157.6384735107422, 107.91136932373047, 121.59894561767578, 116.75016021728516], "val_mean_absolute_error": [0.007885105907917023, 0.007816272787749767, 0.007725335191935301, 0.007559623569250107, 0.007649121340364218], "val_mean_absolute_percentage_error": [3.396026849746704, 3.3853402137756348, 3.4426350593566895, 3.221187114715576, 3.327512502670288]}